-- Insert booking data from May 1st to June 4th
-- Created: 2025-06-03

-- Delete existing data first (in reverse order of dependencies)
DELETE FROM `payments`;
DELETE FROM `bookingdetails`;
DELETE FROM `tickets`;
DELETE FROM `bookings`;

-- Insert bookings
INSERT INTO `bookings` (`booking_id`, `customer_id`, `user_id`, `booking_time`, `status`) VALUES
(2, 2, 1, '2025-05-15 14:30:00', 'paid'),
(3, 3, 5, '2025-05-20 09:15:00', 'paid'),
(4, 4, 5, '2025-05-25 16:45:00', 'paid'),
(5, 5, 1, '2025-06-01 11:20:00', 'paid'),
(6, 6, 5, '2025-06-02 13:10:00', 'paid'),
(7, 7, 1, '2025-05-10 10:00:00', 'paid'),
(8, 8, 5, '2025-05-18 15:30:00', 'paid'),
(9, 9, 1, '2025-05-28 17:45:00', 'paid'),
(10, 10, 5, '2025-06-04 14:00:00', 'paid'),
(11, 11, 1, '2025-05-05 08:30:00', 'paid'),
(12, 12, 5, '2025-05-07 15:45:00', 'paid'),
(13, 13, 1, '2025-05-12 19:20:00', 'paid'),
(14, 14, 5, '2025-05-16 11:15:00', 'paid'),
(15, 15, 1, '2025-05-22 16:40:00', 'paid'),
(16, 16, 5, '2025-05-27 13:25:00', 'paid'),
(17, 17, 1, '2025-05-30 10:10:00', 'paid'),
(18, 18, 5, '2025-06-01 14:35:00', 'paid'),
(19, 19, 1, '2025-06-03 17:50:00', 'paid'),
(20, 20, 5, '2025-06-04 09:45:00', 'paid'),
(21, 1, 1, '2025-05-08 20:15:00', 'paid'),
(22, 2, 5, '2025-05-14 18:30:00', 'paid'),
(23, 3, 1, '2025-05-19 12:45:00', 'paid'),
(24, 4, 5, '2025-05-24 15:20:00', 'paid'),
(25, 5, 1, '2025-05-29 19:35:00', 'paid');

-- Insert tickets first
INSERT INTO `tickets` (`ticket_id`, `showtime_id`, `seat_id`, `price`, `status`) VALUES
(2, 1, 2, 100000.00, 'sold'),
(3, 2, 3, 100000.00, 'sold'),
(4, 1, 4, 100000.00, 'sold'),
(5, 2, 5, 100000.00, 'sold'),
(6, 1, 6, 100000.00, 'sold'),
(7, 2, 7, 100000.00, 'sold'),
(8, 1, 8, 100000.00, 'sold'),
(9, 2, 9, 100000.00, 'sold'),
(10, 1, 10, 100000.00, 'sold'),
(11, 2, 11, 100000.00, 'sold'),
(12, 1, 12, 100000.00, 'sold'),
(13, 2, 13, 100000.00, 'sold'),
(14, 1, 14, 100000.00, 'sold'),
(15, 2, 15, 100000.00, 'sold'),
(16, 1, 16, 100000.00, 'sold'),
(17, 2, 17, 100000.00, 'sold'),
(18, 1, 18, 100000.00, 'sold'),
(19, 2, 19, 100000.00, 'sold'),
(20, 1, 20, 100000.00, 'sold'),
(21, 2, 21, 100000.00, 'sold'),
(22, 1, 22, 100000.00, 'sold'),
(23, 2, 23, 100000.00, 'sold'),
(24, 1, 24, 100000.00, 'sold'),
(25, 2, 25, 100000.00, 'sold'),
(26, 1, 26, 100000.00, 'sold'),
(27, 2, 27, 100000.00, 'sold'),
(28, 1, 28, 100000.00, 'sold'),
(29, 2, 29, 100000.00, 'sold'),
(30, 1, 30, 100000.00, 'sold'),
(31, 2, 31, 100000.00, 'sold'),
(32, 1, 32, 100000.00, 'sold'),
(33, 2, 33, 100000.00, 'sold'),
(34, 1, 34, 100000.00, 'sold'),
(35, 2, 35, 100000.00, 'sold');

-- Then insert booking details
INSERT INTO `bookingdetails` (`booking_detail_id`, `booking_id`, `ticket_id`, `unit_price`) VALUES
(2, 2, 2, 100000.00),
(3, 3, 3, 100000.00),
(4, 4, 4, 100000.00),
(5, 5, 5, 100000.00),
(6, 6, 6, 100000.00),
(7, 7, 7, 100000.00),
(8, 8, 8, 100000.00),
(9, 9, 9, 100000.00),
(10, 10, 10, 100000.00),
(11, 11, 11, 100000.00),
(12, 12, 12, 100000.00),
(13, 13, 13, 100000.00),
(14, 14, 14, 100000.00),
(15, 15, 15, 100000.00),
(16, 16, 16, 100000.00),
(17, 17, 17, 100000.00),
(18, 18, 18, 100000.00),
(19, 19, 19, 100000.00),
(20, 20, 20, 100000.00),
(21, 21, 21, 100000.00),
(22, 22, 22, 100000.00),
(23, 23, 23, 100000.00),
(24, 24, 24, 100000.00),
(25, 25, 25, 100000.00),
-- Multiple tickets for some bookings
(26, 11, 26, 100000.00),
(27, 12, 27, 100000.00),
(28, 13, 28, 100000.00),
(29, 14, 29, 100000.00),
(30, 15, 30, 100000.00),
(31, 16, 31, 100000.00),
(32, 17, 32, 100000.00),
(33, 18, 33, 100000.00),
(34, 19, 34, 100000.00),
(35, 20, 35, 100000.00);

-- Insert payments
INSERT INTO `payments` (`payment_id`, `booking_id`, `amount`, `payment_method`, `payment_time`) VALUES
(2, 2, 100000.00, 'credit_card', '2025-05-15 14:35:00'),
(3, 3, 100000.00, 'momo', '2025-05-20 09:20:00'),
(4, 4, 100000.00, 'bank_transfer', '2025-05-25 16:50:00'),
(5, 5, 100000.00, 'cash', '2025-06-01 11:25:00'),
(6, 6, 100000.00, 'credit_card', '2025-06-02 13:15:00'),
(7, 7, 100000.00, 'momo', '2025-05-10 10:05:00'),
(8, 8, 100000.00, 'bank_transfer', '2025-05-18 15:35:00'),
(9, 9, 100000.00, 'cash', '2025-05-28 17:50:00'),
(10, 10, 100000.00, 'credit_card', '2025-06-04 14:05:00'),
(11, 11, 200000.00, 'momo', '2025-05-05 08:35:00'),
(12, 12, 200000.00, 'bank_transfer', '2025-05-07 15:50:00'),
(13, 13, 200000.00, 'cash', '2025-05-12 19:25:00'),
(14, 14, 200000.00, 'credit_card', '2025-05-16 11:20:00'),
(15, 15, 200000.00, 'momo', '2025-05-22 16:45:00'),
(16, 16, 200000.00, 'bank_transfer', '2025-05-27 13:30:00'),
(17, 17, 200000.00, 'cash', '2025-05-30 10:15:00'),
(18, 18, 200000.00, 'credit_card', '2025-06-01 14:40:00'),
(19, 19, 200000.00, 'momo', '2025-06-03 17:55:00'),
(20, 20, 200000.00, 'bank_transfer', '2025-06-04 09:50:00'),
(21, 21, 100000.00, 'cash', '2025-05-08 20:20:00'),
(22, 22, 100000.00, 'credit_card', '2025-05-14 18:35:00'),
(23, 23, 100000.00, 'momo', '2025-05-19 12:50:00'),
(24, 24, 100000.00, 'bank_transfer', '2025-05-24 15:25:00'),
(25, 25, 100000.00, 'cash', '2025-05-29 19:40:00'); 